{
  "ore_t1": 0.16361886429258904,
  "ore_t2": 17.5,
  "ore_t4": 0.47619047619047616
}